{
  "robot": {
    "joints_min": [
      -3.14159,
      -1.570796,
      -3.14159
    ],
    "joints_max": [
      3.14159,
      1.570796,
      3.14159
    ]
  },
  "control": {
    "frequency": 50
  },
  "robot_system": {
    "frequency": 1000,
    "encoder_resolution": 4096
  }
}
